{
  "0": {
    "precision": 1.0,
    "recall": 1.0,
    "f1-score": 1.0,
    "support": 84.0
  },
  "1": {
    "precision": 0.3,
    "recall": 0.15789473684210525,
    "f1-score": 0.20689655172413793,
    "support": 19.0
  },
  "2": {
    "precision": 1.0,
    "recall": 1.0,
    "f1-score": 1.0,
    "support": 60.0
  },
  "3": {
    "precision": 1.0,
    "recall": 1.0,
    "f1-score": 1.0,
    "support": 55.0
  },
  "4": {
    "precision": 0.8,
    "recall": 0.3333333333333333,
    "f1-score": 0.47058823529411764,
    "support": 12.0
  },
  "5": {
    "precision": 0.391304347826087,
    "recall": 0.6428571428571429,
    "f1-score": 0.4864864864864865,
    "support": 14.0
  },
  "6": {
    "precision": 1.0,
    "recall": 1.0,
    "f1-score": 1.0,
    "support": 19.0
  },
  "7": {
    "precision": 1.0,
    "recall": 1.0,
    "f1-score": 1.0,
    "support": 66.0
  },
  "8": {
    "precision": 0.3684210526315789,
    "recall": 0.5,
    "f1-score": 0.42424242424242425,
    "support": 14.0
  },
  "9": {
    "precision": 1.0,
    "recall": 1.0,
    "f1-score": 1.0,
    "support": 42.0
  },
  "10": {
    "precision": 0.5555555555555556,
    "recall": 0.625,
    "f1-score": 0.5882352941176471,
    "support": 16.0
  },
  "accuracy": 0.8952618453865336,
  "macro avg": {
    "precision": 0.7650255414557474,
    "recall": 0.7508259284575073,
    "f1-score": 0.743313544714983,
    "support": 401.0
  },
  "weighted avg": {
    "precision": 0.8998130785418857,
    "recall": 0.8952618453865336,
    "f1-score": 0.8921198572627809,
    "support": 401.0
  }
}