{
  "0": {
    "precision": 1.0,
    "recall": 1.0,
    "f1-score": 1.0,
    "support": 83.0
  },
  "1": {
    "precision": 0.5,
    "recall": 0.5384615384615384,
    "f1-score": 0.5185185185185185,
    "support": 13.0
  },
  "2": {
    "precision": 1.0,
    "recall": 1.0,
    "f1-score": 1.0,
    "support": 55.0
  },
  "3": {
    "precision": 1.0,
    "recall": 1.0,
    "f1-score": 1.0,
    "support": 61.0
  },
  "4": {
    "precision": 0.625,
    "recall": 0.45454545454545453,
    "f1-score": 0.5263157894736842,
    "support": 11.0
  },
  "5": {
    "precision": 0.4230769230769231,
    "recall": 0.7333333333333333,
    "f1-score": 0.5365853658536586,
    "support": 15.0
  },
  "6": {
    "precision": 1.0,
    "recall": 1.0,
    "f1-score": 1.0,
    "support": 18.0
  },
  "7": {
    "precision": 1.0,
    "recall": 1.0,
    "f1-score": 1.0,
    "support": 67.0
  },
  "8": {
    "precision": 1.0,
    "recall": 0.2727272727272727,
    "f1-score": 0.42857142857142855,
    "support": 11.0
  },
  "9": {
    "precision": 1.0,
    "recall": 1.0,
    "f1-score": 1.0,
    "support": 44.0
  },
  "10": {
    "precision": 0.3,
    "recall": 0.2727272727272727,
    "f1-score": 0.2857142857142857,
    "support": 11.0
  },
  "accuracy": 0.9177377892030848,
  "macro avg": {
    "precision": 0.8043706293706294,
    "recall": 0.7519813519813519,
    "f1-score": 0.7541550352846887,
    "support": 389.0
  },
  "weighted avg": {
    "precision": 0.9306456397073363,
    "recall": 0.9177377892030848,
    "f1-score": 0.916288271902054,
    "support": 389.0
  }
}