{
  "0": {
    "precision": 1.0,
    "recall": 1.0,
    "f1-score": 1.0,
    "support": 76.0
  },
  "1": {
    "precision": 0.2727272727272727,
    "recall": 0.375,
    "f1-score": 0.3157894736842105,
    "support": 16.0
  },
  "2": {
    "precision": 1.0,
    "recall": 1.0,
    "f1-score": 1.0,
    "support": 52.0
  },
  "3": {
    "precision": 0.9655172413793104,
    "recall": 1.0,
    "f1-score": 0.9824561403508771,
    "support": 56.0
  },
  "4": {
    "precision": 0.6,
    "recall": 0.3,
    "f1-score": 0.4,
    "support": 10.0
  },
  "5": {
    "precision": 0.7142857142857143,
    "recall": 0.4166666666666667,
    "f1-score": 0.5263157894736842,
    "support": 12.0
  },
  "6": {
    "precision": 1.0,
    "recall": 1.0,
    "f1-score": 1.0,
    "support": 18.0
  },
  "7": {
    "precision": 1.0,
    "recall": 1.0,
    "f1-score": 1.0,
    "support": 67.0
  },
  "8": {
    "precision": 0.35714285714285715,
    "recall": 0.35714285714285715,
    "f1-score": 0.35714285714285715,
    "support": 14.0
  },
  "9": {
    "precision": 1.0,
    "recall": 1.0,
    "f1-score": 1.0,
    "support": 46.0
  },
  "10": {
    "precision": 0.3333333333333333,
    "recall": 0.375,
    "f1-score": 0.35294117647058826,
    "support": 16.0
  },
  "accuracy": 0.8877284595300261,
  "macro avg": {
    "precision": 0.7493642198971352,
    "recall": 0.7112554112554113,
    "f1-score": 0.721331403374747,
    "support": 383.0
  },
  "weighted avg": {
    "precision": 0.8938312370382236,
    "recall": 0.8877284595300261,
    "f1-score": 0.8878146833833161,
    "support": 383.0
  }
}